"Element Code","Scientific Name.x","Scientific Name Synonyms","English Name.x","English Name Synonyms","Class (English)","Scientific Name.y","English Name.y","BirdNET"
"AAABH01070","Lithobates catesbeianus","Lithobates catesbeiana; Rana catesbeiana","American Bullfrog",NA,"amphibians","Lithobates catesbeianus","American Bullfrog","Lithobates catesbeianus_American Bullfrog"
"AAABH01090","Lithobates clamitans","Rana clamitans","Green Frog",NA,"amphibians","Lithobates clamitans","Green Frog","Lithobates clamitans_Green Frog"
"AAABH01200","Lithobates sylvaticus","Rana sylvatica","Wood Frog",NA,"amphibians","Lithobates sylvaticus","Wood Frog","Lithobates sylvaticus_Wood Frog"
"ABNJB09010","Aix sponsa",NA,"Wood Duck",NA,"birds","Aix sponsa","Wood Duck","Aix sponsa_Wood Duck"
"ABNJB10110","Anas acuta",NA,"Northern Pintail",NA,"birds","Anas acuta","Northern Pintail","Anas acuta_Northern Pintail"
"ABNJB10010","Anas crecca",NA,"Green-winged Teal",NA,"birds","Anas crecca","Eurasian/Green-winged Teal","Anas crecca_Eurasian/Green-winged Teal"
"ABNJB10200","Anas platyrhynchos",NA,"Mallard",NA,"birds","Anas platyrhynchos","Mallard","Anas platyrhynchos_Mallard"
"ABNJB10040","Anas rubripes",NA,"American Black Duck",NA,"birds","Anas rubripes","American Black Duck","Anas rubripes_American Black Duck"
"ABNJB03040","Anser albifrons",NA,"Greater White-fronted Goose",NA,"birds","Anser albifrons","Greater White-fronted Goose","Anser albifrons_Greater White-fronted Goose"
"ABNJB03020","Anser brachyrhynchus",NA,"Pink-footed Goose",NA,"birds","Anser brachyrhynchus","Pink-footed Goose","Anser brachyrhynchus_Pink-footed Goose"
"ABNJB04010","Anser caerulescens","Chen caerulescens","Snow Goose",NA,"birds","Anser caerulescens","Snow Goose","Anser caerulescens_Snow Goose"
"ABNJB04030","Anser canagicus","Chen canagica","Emperor Goose",NA,"birds","Anser canagicus","Emperor Goose","Anser canagicus_Emperor Goose"
"ABNJB04020","Anser rossii","Chen rossii","Ross's Goose",NA,"birds","Anser rossii","Ross's Goose","Anser rossii_Ross's Goose"
"ABNJB11070","Aythya affinis",NA,"Lesser Scaup",NA,"birds","Aythya affinis","Lesser Scaup","Aythya affinis_Lesser Scaup"
"ABNJB11030","Aythya americana",NA,"Redhead",NA,"birds","Aythya americana","Redhead","Aythya americana_Redhead"
"ABNJB11040","Aythya collaris",NA,"Ring-necked Duck",NA,"birds","Aythya collaris","Ring-necked Duck","Aythya collaris_Ring-necked Duck"
"ABNJB11010","Aythya ferina",NA,"Common Pochard",NA,"birds","Aythya ferina","Common Pochard","Aythya ferina_Common Pochard"
"ABNJB11050","Aythya fuligula",NA,"Tufted Duck",NA,"birds","Aythya fuligula","Tufted Duck","Aythya fuligula_Tufted Duck"
"ABNJB11060","Aythya marila",NA,"Greater Scaup",NA,"birds","Aythya marila","Greater Scaup","Aythya marila_Greater Scaup"
"ABNJB11020","Aythya valisineria",NA,"Canvasback",NA,"birds","Aythya valisineria","Canvasback","Aythya valisineria_Canvasback"
"ABNJB05010","Branta bernicla",NA,"Brant",NA,"birds","Branta bernicla","Brent Goose","Branta bernicla_Brent Goose"
"ABNJB05030","Branta canadensis",NA,"Canada Goose",NA,"birds","Branta canadensis","Canada Goose","Branta canadensis_Canada Goose"
"ABNJB05050","Branta hutchinsii",NA,"Cackling Goose",NA,"birds","Branta hutchinsii","Cackling Goose","Branta hutchinsii_Cackling Goose"
"ABNJB18030","Bucephala albeola",NA,"Bufflehead",NA,"birds","Bucephala albeola","Bufflehead","Bucephala albeola_Bufflehead"
"ABNJB18010","Bucephala clangula",NA,"Common Goldeneye",NA,"birds","Bucephala clangula","Common Goldeneye","Bucephala clangula_Common Goldeneye"
"ABNJB18020","Bucephala islandica",NA,"Barrow's Goldeneye",NA,"birds","Bucephala islandica","Barrow's Goldeneye","Bucephala islandica_Barrow's Goldeneye"
"ABNJB16010","Clangula hyemalis",NA,"Long-tailed Duck",NA,"birds","Clangula hyemalis","Long-tailed Duck","Clangula hyemalis_Long-tailed Duck"
"ABNJB02030","Cygnus buccinator",NA,"Trumpeter Swan",NA,"birds","Cygnus buccinator","Trumpeter Swan","Cygnus buccinator_Trumpeter Swan"
"ABNJB02010","Cygnus columbianus",NA,"Tundra Swan",NA,"birds","Cygnus columbianus","Bewick's Swan","Cygnus columbianus_Bewick's Swan"
"ABNJB02020","Cygnus cygnus",NA,"Whooper Swan",NA,"birds","Cygnus cygnus","Whooper Swan","Cygnus cygnus_Whooper Swan"
"ABNJB02040","Cygnus olor",NA,"Mute Swan",NA,"birds","Cygnus olor","Mute Swan","Cygnus olor_Mute Swan"
"ABNJB01010","Dendrocygna bicolor",NA,"Fulvous Whistling-Duck",NA,"birds","Dendrocygna bicolor","Fulvous Whistling-Duck","Dendrocygna bicolor_Fulvous Whistling-Duck"
"ABNJB15010","Histrionicus histrionicus",NA,"Harlequin Duck",NA,"birds","Histrionicus histrionicus","Harlequin Duck","Histrionicus histrionicus_Harlequin Duck"
"ABNJB20010","Lophodytes cucullatus",NA,"Hooded Merganser",NA,"birds","Lophodytes cucullatus","Hooded Merganser","Lophodytes cucullatus_Hooded Merganser"
"ABNJB10180","Mareca americana","Anas americana","American Wigeon",NA,"birds","Mareca americana","American Wigeon","Mareca americana_American Wigeon"
"ABNJB10030","Mareca falcata","Anas falcata","Falcated Duck",NA,"birds","Mareca falcata","Falcated Duck","Mareca falcata_Falcated Duck"
"ABNJB10170","Mareca penelope","Anas penelope","Eurasian Wigeon",NA,"birds","Mareca penelope","Eurasian Wigeon","Mareca penelope_Eurasian Wigeon"
"ABNJB10160","Mareca strepera","Anas strepera","Gadwall",NA,"birds","Mareca strepera","Gadwall","Mareca strepera_Gadwall"
"ABNJB17040","Melanitta americana","Melanitta nigra","Black Scoter",NA,"birds","Melanitta americana","Black Scoter","Melanitta americana_Black Scoter"
"ABNJB17020","Melanitta perspicillata",NA,"Surf Scoter",NA,"birds","Melanitta perspicillata","Surf Scoter","Melanitta perspicillata_Surf Scoter"
"ABNJB19010","Mergellus albellus",NA,"Smew",NA,"birds","Mergellus albellus","Smew","Mergellus albellus_Smew"
"ABNJB21010","Mergus merganser",NA,"Common Merganser",NA,"birds","Mergus merganser","Goosander","Mergus merganser_Goosander"
"ABNJB21020","Mergus serrator",NA,"Red-breasted Merganser",NA,"birds","Mergus serrator","Red-breasted Merganser","Mergus serrator_Red-breasted Merganser"
"ABNJB22030","Oxyura jamaicensis",NA,"Ruddy Duck",NA,"birds","Oxyura jamaicensis","Ruddy Duck","Oxyura jamaicensis_Ruddy Duck"
"ABNJB12010","Somateria mollissima",NA,"Common Eider",NA,"birds","Somateria mollissima","Common Eider","Somateria mollissima_Common Eider"
"ABNJB12020","Somateria spectabilis",NA,"King Eider",NA,"birds","Somateria spectabilis","King Eider","Somateria spectabilis_King Eider"
"ABNJB10150","Spatula clypeata","Anas clypeata","Northern Shoveler",NA,"birds","Spatula clypeata","Northern Shoveler","Spatula clypeata_Northern Shoveler"
"ABNJB10140","Spatula cyanoptera","Anas cyanoptera","Cinnamon Teal",NA,"birds","Spatula cyanoptera","Cinnamon Teal","Spatula cyanoptera_Cinnamon Teal"
"ABNJB10130","Spatula discors","Anas discors","Blue-winged Teal",NA,"birds","Spatula discors","Blue-winged Teal","Spatula discors_Blue-winged Teal"
"ABNJB10120","Spatula querquedula","Anas querquedula","Garganey",NA,"birds","Spatula querquedula","Garganey","Spatula querquedula_Garganey"
"ABNLC23040","Callipepla californica",NA,"California Quail",NA,"birds","Callipepla californica","California Quail","Callipepla californica_California Quail"
"ABNLC03010","Alectoris chukar",NA,"Chukar",NA,"birds","Alectoris chukar","Chukar","Alectoris chukar_Chukar"
"ABNLC11010","Bonasa umbellus",NA,"Ruffed Grouse",NA,"birds","Bonasa umbellus","Ruffed Grouse","Bonasa umbellus_Ruffed Grouse"
"ABNLC09010","Canachites canadensis","Falcipennis canadensis","Spruce Grouse",NA,"birds","Canachites canadensis","Spruce Grouse","Canachites canadensis_Spruce Grouse"
"ABNLC12010","Centrocercus urophasianus",NA,"Greater Sage-Grouse",NA,"birds","Centrocercus urophasianus","Greater Sage-Grouse","Centrocercus urophasianus_Greater Sage-Grouse"
"ABNLC09030","Dendragapus fuliginosus","Dendragapus obscurus","Sooty Grouse","Blue Grouse","birds","Dendragapus fuliginosus","Sooty Grouse","Dendragapus fuliginosus_Sooty Grouse"
"ABNLC09020","Dendragapus obscurus",NA,"Dusky Grouse","Blue Grouse","birds","Dendragapus obscurus","Dusky Grouse","Dendragapus obscurus_Dusky Grouse"
"ABNLC10010","Lagopus lagopus",NA,"Willow Ptarmigan",NA,"birds","Lagopus lagopus","Red Grouse/Willow Grouse","Lagopus lagopus_Red Grouse/Willow Grouse"
"ABNLC10030","Lagopus leucura","Lagopus leucurus","White-tailed Ptarmigan",NA,"birds","Lagopus leucura","White-tailed Ptarmigan","Lagopus leucura_White-tailed Ptarmigan"
"ABNLC10020","Lagopus muta","Lagopus mutus","Rock Ptarmigan",NA,"birds","Lagopus muta","Rock Ptarmigan","Lagopus muta_Rock Ptarmigan"
"ABNLC14010","Meleagris gallopavo",NA,"Wild Turkey",NA,"birds","Meleagris gallopavo","Wild Turkey","Meleagris gallopavo_Wild Turkey"
"ABNLC01010","Perdix perdix",NA,"Gray Partridge",NA,"birds","Perdix perdix","Grey Partridge","Perdix perdix_Grey Partridge"
"ABNLC07010","Phasianus colchicus",NA,"Ring-necked Pheasant",NA,"birds","Phasianus colchicus","Common Pheasant","Phasianus colchicus_Common Pheasant"
"ABNLC13030","Tympanuchus phasianellus",NA,"Sharp-tailed Grouse",NA,"birds","Tympanuchus phasianellus","Sharp-tailed Grouse","Tympanuchus phasianellus_Sharp-tailed Grouse"
"ABNCA04020","Aechmophorus clarkii",NA,"Clark's Grebe",NA,"birds","Aechmophorus clarkii","Clark's Grebe","Aechmophorus clarkii_Clark's Grebe"
"ABNCA04010","Aechmophorus occidentalis",NA,"Western Grebe",NA,"birds","Aechmophorus occidentalis","Western Grebe","Aechmophorus occidentalis_Western Grebe"
"ABNCA03010","Podiceps auritus",NA,"Horned Grebe",NA,"birds","Podiceps auritus","Slavonian Grebe","Podiceps auritus_Slavonian Grebe"
"ABNCA03020","Podiceps grisegena",NA,"Red-necked Grebe",NA,"birds","Podiceps grisegena","Red-necked Grebe","Podiceps grisegena_Red-necked Grebe"
"ABNCA03030","Podiceps nigricollis",NA,"Eared Grebe",NA,"birds","Podiceps nigricollis","Black-necked Grebe","Podiceps nigricollis_Black-necked Grebe"
"ABNCA02010","Podilymbus podiceps",NA,"Pied-billed Grebe",NA,"birds","Podilymbus podiceps","Pied-billed Grebe","Podilymbus podiceps_Pied-billed Grebe"
"ABNPB01010","Columba livia",NA,"Rock Pigeon","Rock Dove","birds","Columba livia","Rock Dove","Columba livia_Rock Dove"
"ABNPB01080","Patagioenas fasciata","Columba fasciata","Band-tailed Pigeon",NA,"birds","Patagioenas fasciata","Band-tailed Pigeon","Patagioenas fasciata_Band-tailed Pigeon"
"ABNPB02030","Streptopelia decaocto",NA,"Eurasian Collared-Dove",NA,"birds","Streptopelia decaocto","Collared Dove","Streptopelia decaocto_Collared Dove"
"ABNPB02040","Streptopelia orientalis",NA,"Oriental Turtle-Dove",NA,"birds","Streptopelia orientalis","Rufous Turtle Dove","Streptopelia orientalis_Rufous Turtle Dove"
"ABNPB04010","Zenaida asiatica",NA,"White-winged Dove",NA,"birds","Zenaida asiatica","White-winged Dove","Zenaida asiatica_White-winged Dove"
"ABNPB04040","Zenaida macroura",NA,"Mourning Dove",NA,"birds","Zenaida macroura","Mourning Dove","Zenaida macroura_Mourning Dove"
"ABNRB02020","Coccyzus americanus",NA,"Yellow-billed Cuckoo",NA,"birds","Coccyzus americanus","Yellow-billed Cuckoo","Coccyzus americanus_Yellow-billed Cuckoo"
"ABNRB02010","Coccyzus erythropthalmus",NA,"Black-billed Cuckoo",NA,"birds","Coccyzus erythropthalmus","Black-billed Cuckoo","Coccyzus erythropthalmus_Black-billed Cuckoo"
"ABNRB01010","Cuculus canorus",NA,"Common Cuckoo",NA,"birds","Cuculus canorus","Common Cuckoo","Cuculus canorus_Common Cuckoo"
"ABNTA02010","Chordeiles acutipennis",NA,"Lesser Nighthawk",NA,"birds","Chordeiles acutipennis","Lesser Nighthawk","Chordeiles acutipennis_Lesser Nighthawk"
"ABNTA02020","Chordeiles minor",NA,"Common Nighthawk",NA,"birds","Chordeiles minor","Common Nighthawk","Chordeiles minor_Common Nighthawk"
"ABNTA04010","Phalaenoptilus nuttallii",NA,"Common Poorwill",NA,"birds","Phalaenoptilus nuttallii","Common Poorwill","Phalaenoptilus nuttallii_Common Poorwill"
"ABNUA06010","Aeronautes saxatalis",NA,"White-throated Swift",NA,"birds","Aeronautes saxatalis","White-throated Swift","Aeronautes saxatalis_White-throated Swift"
"ABNUA03020","Chaetura vauxi",NA,"Vaux's Swift",NA,"birds","Chaetura vauxi","Vaux's Swift","Chaetura vauxi_Vaux's Swift"
"ABNUA01010","Cypseloides niger",NA,"Black Swift",NA,"birds","Cypseloides niger","Black Swift","Cypseloides niger_Black Swift"
"ABNUC45020","Archilochus alexandri",NA,"Black-chinned Hummingbird",NA,"birds","Archilochus alexandri","Black-chinned Hummingbird","Archilochus alexandri_Black-chinned Hummingbird"
"ABNUC45010","Archilochus colubris",NA,"Ruby-throated Hummingbird",NA,"birds","Archilochus colubris","Ruby-throated Hummingbird","Archilochus colubris_Ruby-throated Hummingbird"
"ABNUC47010","Calypte anna",NA,"Anna's Hummingbird",NA,"birds","Calypte anna","Anna's Hummingbird","Calypte anna_Anna's Hummingbird"
"ABNUC47020","Calypte costae",NA,"Costa's Hummingbird",NA,"birds","Calypte costae","Costa's Hummingbird","Calypte costae_Costa's Hummingbird"
"ABNUC10020","Colibri thalassinus",NA,"Mexican Violetear","Green Violetear","birds","Colibri thalassinus","Mexican Violetear","Colibri thalassinus_Mexican Violetear"
"ABNUC37020","Eugenes fulgens",NA,"Rivoli's Hummingbird","Magnificent Hummingbird","birds","Eugenes fulgens","Rivoli's Hummingbird","Eugenes fulgens_Rivoli's Hummingbird"
"ABNUC48010","Selasphorus calliope",NA,"Calliope Hummingbird",NA,"birds","Selasphorus calliope","Calliope Hummingbird","Selasphorus calliope_Calliope Hummingbird"
"ABNUC51010","Selasphorus platycercus",NA,"Broad-tailed Hummingbird",NA,"birds","Selasphorus platycercus","Broad-tailed Hummingbird","Selasphorus platycercus_Broad-tailed Hummingbird"
"ABNUC51020","Selasphorus rufus",NA,"Rufous Hummingbird",NA,"birds","Selasphorus rufus","Rufous Hummingbird","Selasphorus rufus_Rufous Hummingbird"
"ABNME01010","Coturnicops noveboracensis",NA,"Yellow Rail",NA,"birds","Coturnicops noveboracensis","Yellow Rail","Coturnicops noveboracensis_Yellow Rail"
"ABNME14020","Fulica americana",NA,"American Coot",NA,"birds","Fulica americana","American Coot","Fulica americana_American Coot"
"ABNME13030","Gallinula galeata","Gallinula chloropus","Common Gallinule","Common Moorhen","birds","Gallinula galeata","American Moorhen","Gallinula galeata_American Moorhen"
"ABNME08020","Porzana carolina",NA,"Sora",NA,"birds","Porzana carolina","Sora","Porzana carolina_Sora"
"ABNME05030","Rallus limicola",NA,"Virginia Rail",NA,"birds","Rallus limicola","Virginia Rail","Rallus limicola_Virginia Rail"
"ABNMK01040","Anthropoides virgo","Grus virgo","Demoiselle Crane",NA,"birds","Anthropoides virgo","Demoiselle Crane","Anthropoides virgo_Demoiselle Crane"
"ABNMK01010","Antigone canadensis","Grus canadensis","Sandhill Crane",NA,"birds","Antigone canadensis","Sandhill Crane","Antigone canadensis_Sandhill Crane"
"ABNMK01030","Grus americana",NA,"Whooping Crane",NA,"birds","Grus americana","Whooping Crane","Grus americana_Whooping Crane"
"ABNMK01020","Grus grus",NA,"Common Crane",NA,"birds","Grus grus","Common Crane","Grus grus_Common Crane"
"ABNNB03050","Charadrius hiaticula",NA,"Common Ringed Plover",NA,"birds","Charadrius hiaticula","Common Ringed Plover","Charadrius hiaticula_Common Ringed Plover"
"ABNNB03070","Charadrius melodus",NA,"Piping Plover",NA,"birds","Charadrius melodus","Piping Plover","Charadrius melodus_Piping Plover"
"ABNNB03010","Charadrius mongolus",NA,"Lesser Sand-plover","Mongolian Plover","birds","Charadrius mongolus","Lesser Sand-Plover","Charadrius mongolus_Lesser Sand-Plover"
"ABNNB03100","Charadrius montanus",NA,"Mountain Plover",NA,"birds","Charadrius montanus","Mountain Plover","Charadrius montanus_Mountain Plover"
"ABNNB03030","Charadrius nivosus","Charadrius alexandrinus","Snowy Plover",NA,"birds","Charadrius nivosus","Snowy Plover","Charadrius nivosus_Snowy Plover"
"ABNNB03060","Charadrius semipalmatus",NA,"Semipalmated Plover",NA,"birds","Charadrius semipalmatus","Semipalmated Plover","Charadrius semipalmatus_Semipalmated Plover"
"ABNNB03090","Charadrius vociferus",NA,"Killdeer",NA,"birds","Charadrius vociferus","Killdeer","Charadrius vociferus_Killdeer"
"ABNNB02030","Pluvialis dominica",NA,"American Golden-Plover",NA,"birds","Pluvialis dominica","American Golden Plover","Pluvialis dominica_American Golden Plover"
"ABNNB02040","Pluvialis fulva",NA,"Pacific Golden-Plover",NA,"birds","Pluvialis fulva","Pacific Golden Plover","Pluvialis fulva_Pacific Golden Plover"
"ABNNB02010","Pluvialis squatarola",NA,"Black-bellied Plover",NA,"birds","Pluvialis squatarola","Grey Plover","Pluvialis squatarola_Grey Plover"
"ABNNC01020","Haematopus bachmani",NA,"Black Oystercatcher",NA,"birds","Haematopus bachmani","Black Oystercatcher","Haematopus bachmani_Black Oystercatcher"
"ABNND01010","Himantopus mexicanus",NA,"Black-necked Stilt",NA,"birds","Himantopus mexicanus","Black-necked Stilt","Himantopus mexicanus_Black-necked Stilt"
"ABNND02010","Recurvirostra americana",NA,"American Avocet",NA,"birds","Recurvirostra americana","American Avocet","Recurvirostra americana_American Avocet"
"ABNNF04020","Actitis macularius","Actitis macularia","Spotted Sandpiper",NA,"birds","Actitis macularius","Spotted Sandpiper","Actitis macularius_Spotted Sandpiper"
"ABNNF09010","Arenaria interpres",NA,"Ruddy Turnstone",NA,"birds","Arenaria interpres","Ruddy Turnstone","Arenaria interpres_Ruddy Turnstone"
"ABNNF09020","Arenaria melanocephala",NA,"Black Turnstone",NA,"birds","Arenaria melanocephala","Black Turnstone","Arenaria melanocephala_Black Turnstone"
"ABNNF06010","Bartramia longicauda",NA,"Upland Sandpiper",NA,"birds","Bartramia longicauda","Upland Sandpiper","Bartramia longicauda_Upland Sandpiper"
"ABNNF11140","Calidris acuminata",NA,"Sharp-tailed Sandpiper",NA,"birds","Calidris acuminata","Sharp-tailed Sandpiper","Calidris acuminata_Sharp-tailed Sandpiper"
"ABNNF11030","Calidris alba",NA,"Sanderling",NA,"birds","Calidris alba","Sanderling","Calidris alba_Sanderling"
"ABNNF11170","Calidris alpina",NA,"Dunlin",NA,"birds","Calidris alpina","Dunlin","Calidris alpina_Dunlin"
"ABNNF11120","Calidris bairdii",NA,"Baird's Sandpiper",NA,"birds","Calidris bairdii","Baird's Sandpiper","Calidris bairdii_Baird's Sandpiper"
"ABNNF11020","Calidris canutus",NA,"Red Knot",NA,"birds","Calidris canutus","Red Knot","Calidris canutus_Red Knot"
"ABNNF11180","Calidris ferruginea",NA,"Curlew Sandpiper",NA,"birds","Calidris ferruginea","Curlew Sandpiper","Calidris ferruginea_Curlew Sandpiper"
"ABNNF11110","Calidris fuscicollis",NA,"White-rumped Sandpiper",NA,"birds","Calidris fuscicollis","White-rumped Sandpiper","Calidris fuscicollis_White-rumped Sandpiper"
"ABNNF11190","Calidris himantopus",NA,"Stilt Sandpiper",NA,"birds","Calidris himantopus","Stilt Sandpiper","Calidris himantopus_Stilt Sandpiper"
"ABNNF11150","Calidris maritima",NA,"Purple Sandpiper",NA,"birds","Calidris maritima","Purple Sandpiper","Calidris maritima_Purple Sandpiper"
"ABNNF11050","Calidris mauri",NA,"Western Sandpiper",NA,"birds","Calidris mauri","Western Sandpiper","Calidris mauri_Western Sandpiper"
"ABNNF11130","Calidris melanotos",NA,"Pectoral Sandpiper",NA,"birds","Calidris melanotos","Pectoral Sandpiper","Calidris melanotos_Pectoral Sandpiper"
"ABNNF11070","Calidris minuta",NA,"Little Stint",NA,"birds","Calidris minuta","Little Stint","Calidris minuta_Little Stint"
"ABNNF11100","Calidris minutilla",NA,"Least Sandpiper",NA,"birds","Calidris minutilla","Least Sandpiper","Calidris minutilla_Least Sandpiper"
"ABNNF11160","Calidris ptilocnemis",NA,"Rock Sandpiper",NA,"birds","Calidris ptilocnemis","Rock Sandpiper","Calidris ptilocnemis_Rock Sandpiper"
"ABNNF15010","Calidris pugnax","Philomachus pugnax","Ruff",NA,"birds","Calidris pugnax","Ruff","Calidris pugnax_Ruff"
"ABNNF11040","Calidris pusilla",NA,"Semipalmated Sandpiper",NA,"birds","Calidris pusilla","Semipalmated Sandpiper","Calidris pusilla_Semipalmated Sandpiper"
"ABNNF11060","Calidris ruficollis",NA,"Red-necked Stint",NA,"birds","Calidris ruficollis","Red-necked Stint","Calidris ruficollis_Red-necked Stint"
"ABNNF14010","Calidris subruficollis","Tryngites subruficollis","Buff-breasted Sandpiper",NA,"birds","Calidris subruficollis","Buff-breasted Sandpiper","Calidris subruficollis_Buff-breasted Sandpiper"
"ABNNF11080","Calidris temminckii",NA,"Temminck's Stint",NA,"birds","Calidris temminckii","Temminck's Stint","Calidris temminckii_Temminck's Stint"
"ABNNF11010","Calidris tenuirostris",NA,"Great Knot",NA,"birds","Calidris tenuirostris","Great Knot","Calidris tenuirostris_Great Knot"
"ABNNF10010","Calidris virgata","Aphriza virgata","Surfbird",NA,"birds","Calidris virgata","Surfbird","Calidris virgata_Surfbird"
"ABNNF18030","Gallinago delicata","Gallinago gallinago","Wilson's Snipe",NA,"birds","Gallinago delicata","Wilson's Snipe","Gallinago delicata_Wilson's Snipe"
"ABNNF16010","Limnodromus griseus",NA,"Short-billed Dowitcher",NA,"birds","Limnodromus griseus","Short-billed Dowitcher","Limnodromus griseus_Short-billed Dowitcher"
"ABNNF16020","Limnodromus scolopaceus",NA,"Long-billed Dowitcher",NA,"birds","Limnodromus scolopaceus","Long-billed Dowitcher","Limnodromus scolopaceus_Long-billed Dowitcher"
"ABNNF08040","Limosa fedoa",NA,"Marbled Godwit",NA,"birds","Limosa fedoa","Marbled Godwit","Limosa fedoa_Marbled Godwit"
"ABNNF08020","Limosa haemastica",NA,"Hudsonian Godwit",NA,"birds","Limosa haemastica","Hudsonian Godwit","Limosa haemastica_Hudsonian Godwit"
"ABNNF08030","Limosa lapponica",NA,"Bar-tailed Godwit",NA,"birds","Limosa lapponica","Bar-tailed Godwit","Limosa lapponica_Bar-tailed Godwit"
"ABNNF07070","Numenius americanus",NA,"Long-billed Curlew",NA,"birds","Numenius americanus","Long-billed Curlew","Numenius americanus_Long-billed Curlew"
"ABNNF07050","Numenius madagascariensis",NA,"Far Eastern Curlew",NA,"birds","Numenius madagascariensis","Far Eastern Curlew","Numenius madagascariensis_Far Eastern Curlew"
"ABNNF07020","Numenius phaeopus",NA,"Whimbrel",NA,"birds","Numenius phaeopus","Whimbrel","Numenius phaeopus_Whimbrel"
"ABNNF07030","Numenius tahitiensis",NA,"Bristle-thighed Curlew",NA,"birds","Numenius tahitiensis","Bristle-thighed Curlew","Numenius tahitiensis_Bristle-thighed Curlew"
"ABNNF20030","Phalaropus fulicarius","Phalaropus fulicaria","Red Phalarope",NA,"birds","Phalaropus fulicarius","Grey Phalarope","Phalaropus fulicarius_Grey Phalarope"
"ABNNF20020","Phalaropus lobatus",NA,"Red-necked Phalarope",NA,"birds","Phalaropus lobatus","Red-necked Phalarope","Phalaropus lobatus_Red-necked Phalarope"
"ABNNF20010","Phalaropus tricolor",NA,"Wilson's Phalarope",NA,"birds","Phalaropus tricolor","Wilson's Phalarope","Phalaropus tricolor_Wilson's Phalarope"
"ABNNF03020","Tringa brevipes",NA,"Gray-tailed Tattler",NA,"birds","Tringa brevipes","Grey-tailed Tattler","Tringa brevipes_Grey-tailed Tattler"
"ABNNF01050","Tringa erythropus",NA,"Spotted Redshank",NA,"birds","Tringa erythropus","Spotted Redshank","Tringa erythropus_Spotted Redshank"
"ABNNF01030","Tringa flavipes",NA,"Lesser Yellowlegs",NA,"birds","Tringa flavipes","Lesser Yellowlegs","Tringa flavipes_Lesser Yellowlegs"
"ABNNF01060","Tringa glareola",NA,"Wood Sandpiper",NA,"birds","Tringa glareola","Wood Sandpiper","Tringa glareola_Wood Sandpiper"
"ABNNF03010","Tringa incana","Heteroscelus incanus","Wandering Tattler",NA,"birds","Tringa incana","Wandering Tattler","Tringa incana_Wandering Tattler"
"ABNNF01020","Tringa melanoleuca",NA,"Greater Yellowlegs",NA,"birds","Tringa melanoleuca","Greater Yellowlegs","Tringa melanoleuca_Greater Yellowlegs"
"ABNNF02010","Tringa semipalmata","Catoptrophorus semipalmatus","Willet",NA,"birds","Tringa semipalmata","Willet","Tringa semipalmata_Willet"
"ABNNF01070","Tringa solitaria",NA,"Solitary Sandpiper",NA,"birds","Tringa solitaria","Solitary Sandpiper","Tringa solitaria_Solitary Sandpiper"
"ABNNF05010","Xenus cinereus",NA,"Terek Sandpiper",NA,"birds","Xenus cinereus","Terek Sandpiper","Xenus cinereus_Terek Sandpiper"
"ABNNM01030","Stercorarius longicaudus",NA,"Long-tailed Jaeger",NA,"birds","Stercorarius longicaudus","Long-tailed Skua","Stercorarius longicaudus_Long-tailed Skua"
"ABNNM01050","Stercorarius maccormicki","Catharacta maccormicki","South Polar Skua",NA,"birds","Stercorarius maccormicki","South Polar Skua","Stercorarius maccormicki_South Polar Skua"
"ABNNM01020","Stercorarius parasiticus",NA,"Parasitic Jaeger",NA,"birds","Stercorarius parasiticus","Arctic Skua","Stercorarius parasiticus_Arctic Skua"
"ABNNM01010","Stercorarius pomarinus",NA,"Pomarine Jaeger",NA,"birds","Stercorarius pomarinus","Pomarine Skua","Stercorarius pomarinus_Pomarine Skua"
"ABNNM10020","Chlidonias niger",NA,"Black Tern",NA,"birds","Chlidonias niger","Black Tern","Chlidonias niger_Black Tern"
"ABNNM03050","Chroicocephalus philadelphia","Larus philadelphia","Bonaparte's Gull",NA,"birds","Chroicocephalus philadelphia","Bonaparte's Gull","Chroicocephalus philadelphia_Bonaparte's Gull"
"ABNNM03040","Chroicocephalus ridibundus","Larus ridibundus","Black-headed Gull",NA,"birds","Chroicocephalus ridibundus","Black-headed Gull","Chroicocephalus ridibundus_Black-headed Gull"
"ABNNM03030","Hydrocoloeus minutus","Larus minutus","Little Gull",NA,"birds","Hydrocoloeus minutus","Little Gull","Hydrocoloeus minutus_Little Gull"
"ABNNM08020","Hydroprogne caspia","Sterna caspia","Caspian Tern",NA,"birds","Hydroprogne caspia","Caspian Tern","Hydroprogne caspia_Caspian Tern"
"ABNNM03120","Larus argentatus",NA,"Herring Gull",NA,"birds","Larus argentatus","Herring Gull","Larus argentatus_Herring Gull"
"ABNNM03280","Larus brachyrhynchus","Larus canus","Short-billed Gull","Mew Gull","birds","Larus brachyrhynchus","Short-billed Gull","Larus brachyrhynchus_Short-billed Gull"
"ABNNM03110","Larus californicus",NA,"California Gull",NA,"birds","Larus californicus","California Gull","Larus californicus_California Gull"
"ABNNM03220","Larus crassirostris",NA,"Black-tailed Gull",NA,"birds","Larus crassirostris","Black-tailed Gull","Larus crassirostris_Black-tailed Gull"
"ABNNM03100","Larus delawarensis",NA,"Ring-billed Gull",NA,"birds","Larus delawarensis","Ring-billed Gull","Larus delawarensis_Ring-billed Gull"
"ABNNM03150","Larus fuscus",NA,"Lesser Black-backed Gull",NA,"birds","Larus fuscus","Lesser Black-backed Gull","Larus fuscus_Lesser Black-backed Gull"
"ABNNM03190","Larus glaucescens",NA,"Glaucous-winged Gull",NA,"birds","Larus glaucescens","Glaucous-winged Gull","Larus glaucescens_Glaucous-winged Gull"
"ABNNM03270","Larus glaucoides",NA,"Iceland Gull",NA,"birds","Larus glaucoides","Iceland Gull","Larus glaucoides_Iceland Gull"
"ABNNM03060","Larus heermanni",NA,"Heermann's Gull",NA,"birds","Larus heermanni","Heermann's Gull","Larus heermanni_Heermann's Gull"
"ABNNM03200","Larus hyperboreus",NA,"Glaucous Gull",NA,"birds","Larus hyperboreus","Glaucous Gull","Larus hyperboreus_Glaucous Gull"
"ABNNM03210","Larus marinus",NA,"Great Black-backed Gull",NA,"birds","Larus marinus","Great Black-backed Gull","Larus marinus_Great Black-backed Gull"
"ABNNM03180","Larus occidentalis",NA,"Western Gull",NA,"birds","Larus occidentalis","Western Gull","Larus occidentalis_Western Gull"
"ABNNM03160","Larus schistisagus",NA,"Slaty-backed Gull",NA,"birds","Larus schistisagus","Slaty-backed Gull","Larus schistisagus_Slaty-backed Gull"
"ABNNM03010","Leucophaeus atricilla","Larus atricilla","Laughing Gull",NA,"birds","Leucophaeus atricilla","Laughing Gull","Leucophaeus atricilla_Laughing Gull"
"ABNNM03020","Leucophaeus pipixcan","Larus pipixcan","Franklin's Gull",NA,"birds","Leucophaeus pipixcan","Franklin's Gull","Leucophaeus pipixcan_Franklin's Gull"
"ABNNM08120","Onychoprion aleuticus","Sterna aleutica","Aleutian Tern",NA,"birds","Onychoprion aleuticus","Aleutian Tern","Onychoprion aleuticus_Aleutian Tern"
"ABNNM05010","Rhodostethia rosea",NA,"Ross's Gull",NA,"birds","Rhodostethia rosea","Ross's Gull","Rhodostethia rosea_Ross's Gull"
"ABNNM04010","Rissa tridactyla",NA,"Black-legged Kittiwake",NA,"birds","Rissa tridactyla","Black-legged Kittiwake","Rissa tridactyla_Black-legged Kittiwake"
"ABNNM08090","Sterna forsteri",NA,"Forster's Tern",NA,"birds","Sterna forsteri","Forster's Tern","Sterna forsteri_Forster's Tern"
"ABNNM08070","Sterna hirundo",NA,"Common Tern",NA,"birds","Sterna hirundo","Common Tern","Sterna hirundo_Common Tern"
"ABNNM08080","Sterna paradisaea",NA,"Arctic Tern",NA,"birds","Sterna paradisaea","Arctic Tern","Sterna paradisaea_Arctic Tern"
"ABNNM08100","Sternula antillarum","Sterna antillarum","Least Tern",NA,"birds","Sternula antillarum","Least Tern","Sternula antillarum_Least Tern"
"ABNNM08040","Thalasseus elegans","Sterna elegans","Elegant Tern",NA,"birds","Thalasseus elegans","Elegant Tern","Thalasseus elegans_Elegant Tern"
"ABNNM06010","Xema sabini",NA,"Sabine's Gull",NA,"birds","Xema sabini","Sabine's Gull","Xema sabini_Sabine's Gull"
"ABNNN10010","Aethia pusilla",NA,"Least Auklet",NA,"birds","Aethia pusilla","Least Auklet","Aethia pusilla_Least Auklet"
"ABNNN10020","Aethia pygmaea",NA,"Whiskered Auklet",NA,"birds","Aethia pygmaea","Whiskered Auklet","Aethia pygmaea_Whiskered Auklet"
"ABNNN06010","Brachyramphus marmoratus",NA,"Marbled Murrelet",NA,"birds","Brachyramphus marmoratus","Marbled Murrelet","Brachyramphus marmoratus_Marbled Murrelet"
"ABNNN05020","Cepphus columba",NA,"Pigeon Guillemot",NA,"birds","Cepphus columba","Pigeon Guillemot","Cepphus columba_Pigeon Guillemot"
"ABNNN02010","Uria aalge",NA,"Common Murre",NA,"birds","Uria aalge","Common Guillemot","Uria aalge_Common Guillemot"
"ABNNN02020","Uria lomvia",NA,"Thick-billed Murre",NA,"birds","Uria lomvia","Brünnich's Guillemot","Uria lomvia_Brünnich's Guillemot"
"ABNFA01030","Phaethon rubricauda",NA,"Red-tailed Tropicbird",NA,"birds","Phaethon rubricauda","Red-tailed Tropicbird","Phaethon rubricauda_Red-tailed Tropicbird"
"ABNBA01040","Gavia adamsii",NA,"Yellow-billed Loon",NA,"birds","Gavia adamsii","White-billed Diver","Gavia adamsii_White-billed Diver"
"ABNBA01020","Gavia arctica",NA,"Arctic Loon",NA,"birds","Gavia arctica","Black-throated Diver","Gavia arctica_Black-throated Diver"
"ABNBA01030","Gavia immer",NA,"Common Loon",NA,"birds","Gavia immer","Great Northern Diver","Gavia immer_Great Northern Diver"
"ABNBA01050","Gavia pacifica",NA,"Pacific Loon",NA,"birds","Gavia pacifica","Pacific Diver","Gavia pacifica_Pacific Diver"
"ABNBA01010","Gavia stellata",NA,"Red-throated Loon",NA,"birds","Gavia stellata","Red-throated Diver","Gavia stellata_Red-throated Diver"
"ABNDA01040","Phoebastria immutabilis",NA,"Laysan Albatross",NA,"birds","Phoebastria immutabilis","Laysan Albatross","Phoebastria immutabilis_Laysan Albatross"
"ABNDA01030","Phoebastria nigripes",NA,"Black-footed Albatross",NA,"birds","Phoebastria nigripes","Black-footed Albatross","Phoebastria nigripes_Black-footed Albatross"
"ABNDB07050","Ardenna bulleri","Puffinus bulleri","Buller's Shearwater",NA,"birds","Ardenna bulleri","Buller's Shearwater","Ardenna bulleri_Buller's Shearwater"
"ABNDB07020","Ardenna carneipes","Puffinus carneipes","Flesh-footed Shearwater",NA,"birds","Ardenna carneipes","Flesh-footed Shearwater","Ardenna carneipes_Flesh-footed Shearwater"
"ABNDB07010","Ardenna creatopus","Puffinus creatopus","Pink-footed Shearwater",NA,"birds","Ardenna creatopus","Pink-footed Shearwater","Ardenna creatopus_Pink-footed Shearwater"
"ABNDB07060","Ardenna grisea","Puffinus griseus","Sooty Shearwater",NA,"birds","Ardenna grisea","Sooty Shearwater","Ardenna grisea_Sooty Shearwater"
"ABNDB07070","Ardenna tenuirostris","Puffinus tenuirostris","Short-tailed Shearwater",NA,"birds","Ardenna tenuirostris","Short-tailed Shearwater","Ardenna tenuirostris_Short-tailed Shearwater"
"ABNDB01010","Fulmarus glacialis",NA,"Northern Fulmar",NA,"birds","Fulmarus glacialis","Northern Fulmar","Fulmarus glacialis_Northern Fulmar"
"ABNDB03090","Pterodroma cookii",NA,"Cook's Petrel",NA,"birds","Pterodroma cookii","Cook's Petrel","Pterodroma cookii_Cook's Petrel"
"ABNDB03050","Pterodroma inexpectata",NA,"Mottled Petrel",NA,"birds","Pterodroma inexpectata","Mottled Petrel","Pterodroma inexpectata_Mottled Petrel"
"ABNDB03160","Pterodroma sandwichensis",NA,"Hawaiian Petrel",NA,"birds","Pterodroma sandwichensis","Hawaiian Petrel","Pterodroma sandwichensis_Hawaiian Petrel"
"ABNDB07090","Puffinus puffinus",NA,"Manx Shearwater",NA,"birds","Puffinus puffinus","Manx Shearwater","Puffinus puffinus_Manx Shearwater"
"ABNDC04130","Hydrobates leucorhous","Oceanodroma leucorhoa","Leach's Storm-Petrel",NA,"birds","Hydrobates leucorhous","Leach's Storm-Petrel","Hydrobates leucorhous_Leach's Storm-Petrel"
"ABNGF02010","Mycteria americana",NA,"Wood Stork",NA,"birds","Mycteria americana","Wood Stork","Mycteria americana_Wood Stork"
"ABNFF01010","Fregata magnificens",NA,"Magnificent Frigatebird",NA,"birds","Fregata magnificens","Magnificent Frigatebird","Fregata magnificens_Magnificent Frigatebird"
"ABNFB01030","Sula leucogaster",NA,"Brown Booby",NA,"birds","Sula leucogaster","Brown Booby","Sula leucogaster_Brown Booby"
"ABNFB01020","Sula nebouxii",NA,"Blue-footed Booby",NA,"birds","Sula nebouxii","Blue-footed Booby","Sula nebouxii_Blue-footed Booby"
"ABNFB01040","Sula sula",NA,"Red-footed Booby",NA,"birds","Sula sula","Red-footed Booby","Sula sula_Red-footed Booby"
"ABNFD01020","Nannopterum auritum","Phalacrocorax auritus","Double-crested Cormorant",NA,"birds","Nannopterum auritum","Double-crested Cormorant","Nannopterum auritum_Double-crested Cormorant"
"ABNFC01010","Pelecanus erythrorhynchos",NA,"American White Pelican",NA,"birds","Pelecanus erythrorhynchos","American White Pelican","Pelecanus erythrorhynchos_American White Pelican"
"ABNFC01020","Pelecanus occidentalis",NA,"Brown Pelican",NA,"birds","Pelecanus occidentalis","Brown Pelican","Pelecanus occidentalis_Brown Pelican"
"ABNGA04040","Ardea alba",NA,"Great Egret",NA,"birds","Ardea alba","Great White Egret","Ardea alba_Great White Egret"
"ABNGA04010","Ardea herodias",NA,"Great Blue Heron",NA,"birds","Ardea herodias","Great Blue Heron","Ardea herodias_Great Blue Heron"
"ABNGA01020","Botaurus lentiginosus",NA,"American Bittern",NA,"birds","Botaurus lentiginosus","American Bittern","Botaurus lentiginosus_American Bittern"
"ABNGA07010","Bubulcus ibis",NA,"Cattle Egret",NA,"birds","Bubulcus ibis","Western Cattle Egret","Bubulcus ibis_Western Cattle Egret"
"ABNGA08010","Butorides virescens",NA,"Green Heron",NA,"birds","Butorides virescens","Green Heron","Butorides virescens_Green Heron"
"ABNGA06040","Egretta caerulea",NA,"Little Blue Heron",NA,"birds","Egretta caerulea","Little Blue Heron","Egretta caerulea_Little Blue Heron"
"ABNGA06030","Egretta thula",NA,"Snowy Egret",NA,"birds","Egretta thula","Snowy Egret","Egretta thula_Snowy Egret"
"ABNGA06050","Egretta tricolor",NA,"Tricolored Heron",NA,"birds","Egretta tricolor","Tricoloured Heron","Egretta tricolor_Tricoloured Heron"
"ABNGA02010","Ixobrychus exilis",NA,"Least Bittern",NA,"birds","Ixobrychus exilis","Least Bittern","Ixobrychus exilis_Least Bittern"
"ABNGA11010","Nycticorax nycticorax",NA,"Black-crowned Night-Heron",NA,"birds","Nycticorax nycticorax","Black-crowned Night Heron","Nycticorax nycticorax_Black-crowned Night Heron"
"ABNGE02020","Plegadis chihi",NA,"White-faced Ibis",NA,"birds","Plegadis chihi","White-faced Ibis","Plegadis chihi_White-faced Ibis"
"ABNKA02010","Cathartes aura",NA,"Turkey Vulture",NA,"birds","Cathartes aura","Turkey Vulture","Cathartes aura_Turkey Vulture"
"ABNKA01010","Coragyps atratus",NA,"Black Vulture",NA,"birds","Coragyps atratus","American Black Vulture","Coragyps atratus_American Black Vulture"
"ABNKC01010","Pandion haliaetus",NA,"Osprey",NA,"birds","Pandion haliaetus","Osprey","Pandion haliaetus_Osprey"
"ABNKC12040","Accipiter cooperii",NA,"Cooper's Hawk",NA,"birds","Accipiter cooperii","Cooper's Hawk","Accipiter cooperii_Cooper's Hawk"
"ABNKC12020","Accipiter striatus",NA,"Sharp-shinned Hawk",NA,"birds","Accipiter striatus","Sharp-shinned Hawk","Accipiter striatus_Sharp-shinned Hawk"
"ABNKC22010","Aquila chrysaetos",NA,"Golden Eagle",NA,"birds","Aquila chrysaetos","Golden Eagle","Aquila chrysaetos_Golden Eagle"
"ABNKC19110","Buteo jamaicensis",NA,"Red-tailed Hawk",NA,"birds","Buteo jamaicensis","Red-tailed Hawk","Buteo jamaicensis_Red-tailed Hawk"
"ABNKC19130","Buteo lagopus",NA,"Rough-legged Hawk",NA,"birds","Buteo lagopus","Rough-legged Buzzard","Buteo lagopus_Rough-legged Buzzard"
"ABNKC19030","Buteo lineatus",NA,"Red-shouldered Hawk",NA,"birds","Buteo lineatus","Red-shouldered Hawk","Buteo lineatus_Red-shouldered Hawk"
"ABNKC19050","Buteo platypterus",NA,"Broad-winged Hawk",NA,"birds","Buteo platypterus","Broad-winged Hawk","Buteo platypterus_Broad-winged Hawk"
"ABNKC19120","Buteo regalis",NA,"Ferruginous Hawk",NA,"birds","Buteo regalis","Ferruginous Hawk","Buteo regalis_Ferruginous Hawk"
"ABNKC19070","Buteo swainsoni",NA,"Swainson's Hawk",NA,"birds","Buteo swainsoni","Swainson's Hawk","Buteo swainsoni_Swainson's Hawk"
"ABNKC11011","Circus hudsonius","Circus cyaneus","Northern Harrier",NA,"birds","Circus hudsonius","Northern Harrier","Circus hudsonius_Northern Harrier"
"ABNKC06010","Elanus leucurus",NA,"White-tailed Kite",NA,"birds","Elanus leucurus","White-tailed Kite","Elanus leucurus_White-tailed Kite"
"ABNKC10010","Haliaeetus leucocephalus",NA,"Bald Eagle",NA,"birds","Haliaeetus leucocephalus","Bald Eagle","Haliaeetus leucocephalus_Bald Eagle"
"ABNSA01010","Tyto alba",NA,"Barn Owl",NA,"birds","Tyto alba","Barn Owl","Tyto alba_Barn Owl"
"ABNSB15020","Aegolius acadicus",NA,"Northern Saw-whet Owl",NA,"birds","Aegolius acadicus","Northern Saw-whet Owl","Aegolius acadicus_Northern Saw-whet Owl"
"ABNSB15010","Aegolius funereus",NA,"Boreal Owl",NA,"birds","Aegolius funereus","Tengmalm's Owl","Aegolius funereus_Tengmalm's Owl"
"ABNSB13040","Asio flammeus",NA,"Short-eared Owl",NA,"birds","Asio flammeus","Short-eared Owl","Asio flammeus_Short-eared Owl"
"ABNSB13010","Asio otus",NA,"Long-eared Owl",NA,"birds","Asio otus","Long-eared Owl","Asio otus_Long-eared Owl"
"ABNSB10010","Athene cunicularia",NA,"Burrowing Owl",NA,"birds","Athene cunicularia","Burrowing Owl","Athene cunicularia_Burrowing Owl"
"ABNSB06010","Bubo scandiacus","Nyctea scandiaca","Snowy Owl",NA,"birds","Bubo scandiacus","Snowy Owl","Bubo scandiacus_Snowy Owl"
"ABNSB05010","Bubo virginianus",NA,"Great Horned Owl",NA,"birds","Bubo virginianus","Great Horned Owl","Bubo virginianus_Great Horned Owl"
"ABNSB08010","Glaucidium gnoma",NA,"Northern Pygmy-Owl",NA,"birds","Glaucidium gnoma","Northern Pygmy-Owl","Glaucidium gnoma_Northern Pygmy-Owl"
"ABNSB01040","Megascops kennicottii","Otus kennicottii","Western Screech-Owl",NA,"birds","Megascops kennicottii","Western Screech-Owl","Megascops kennicottii_Western Screech-Owl"
"ABNSB01020","Psiloscops flammeolus","Otus flammeolus","Flammulated Owl",NA,"birds","Psiloscops flammeolus","Flammulated Owl","Psiloscops flammeolus_Flammulated Owl"
"ABNSB12040","Strix nebulosa",NA,"Great Gray Owl",NA,"birds","Strix nebulosa","Great Grey Owl","Strix nebulosa_Great Grey Owl"
"ABNSB12010","Strix occidentalis","Strix occidentalis caurina","Spotted Owl","Northern Spotted Owl","birds","Strix occidentalis","Spotted Owl","Strix occidentalis_Spotted Owl"
"ABNSB12050","Strix varia",NA,"Barred Owl",NA,"birds","Strix varia","Barred Owl","Strix varia_Barred Owl"
"ABNSB07010","Surnia ulula",NA,"Northern Hawk Owl",NA,"birds","Surnia ulula","Northern Hawk Owl","Surnia ulula_Northern Hawk Owl"
"ABNXD01020","Megaceryle alcyon","Ceryle alcyon","Belted Kingfisher",NA,"birds","Megaceryle alcyon","Belted Kingfisher","Megaceryle alcyon_Belted Kingfisher"
"ABNYF10020","Colaptes auratus",NA,"Northern Flicker",NA,"birds","Colaptes auratus","Northern Flicker","Colaptes auratus_Northern Flicker"
"ABNYF07070","Dryobates albolarvatus","Picoides albolarvatus","White-headed Woodpecker",NA,"birds","Dryobates albolarvatus","White-headed Woodpecker","Dryobates albolarvatus_White-headed Woodpecker"
"ABNYF07030","Dryobates pubescens","Picoides pubescens","Downy Woodpecker",NA,"birds","Dryobates pubescens","Downy Woodpecker","Dryobates pubescens_Downy Woodpecker"
"ABNYF07040","Dryobates villosus","Picoides villosus","Hairy Woodpecker",NA,"birds","Dryobates villosus","Hairy Woodpecker","Dryobates villosus_Hairy Woodpecker"
"ABNYF12020","Dryocopus pileatus",NA,"Pileated Woodpecker",NA,"birds","Dryocopus pileatus","Pileated Woodpecker","Dryocopus pileatus_Pileated Woodpecker"
"ABNYF04040","Melanerpes erythrocephalus",NA,"Red-headed Woodpecker",NA,"birds","Melanerpes erythrocephalus","Red-headed Woodpecker","Melanerpes erythrocephalus_Red-headed Woodpecker"
"ABNYF04050","Melanerpes formicivorus",NA,"Acorn Woodpecker",NA,"birds","Melanerpes formicivorus","Acorn Woodpecker","Melanerpes formicivorus_Acorn Woodpecker"
"ABNYF04010","Melanerpes lewis",NA,"Lewis's Woodpecker",NA,"birds","Melanerpes lewis","Lewis's Woodpecker","Melanerpes lewis_Lewis's Woodpecker"
"ABNYF07090","Picoides arcticus",NA,"Black-backed Woodpecker",NA,"birds","Picoides arcticus","Black-backed Woodpecker","Picoides arcticus_Black-backed Woodpecker"
"ABNYF07110","Picoides dorsalis","Picoides tridactylus","American Three-toed Woodpecker","Three-toed Woodpecker","birds","Picoides dorsalis","American Three-toed Woodpecker","Picoides dorsalis_American Three-toed Woodpecker"
"ABNYF05040","Sphyrapicus nuchalis",NA,"Red-naped Sapsucker",NA,"birds","Sphyrapicus nuchalis","Red-naped Sapsucker","Sphyrapicus nuchalis_Red-naped Sapsucker"
"ABNYF05020","Sphyrapicus ruber",NA,"Red-breasted Sapsucker",NA,"birds","Sphyrapicus ruber","Red-breasted Sapsucker","Sphyrapicus ruber_Red-breasted Sapsucker"
"ABNYF05030","Sphyrapicus thyroideus",NA,"Williamson's Sapsucker",NA,"birds","Sphyrapicus thyroideus","Williamson's Sapsucker","Sphyrapicus thyroideus_Williamson's Sapsucker"
"ABNYF05010","Sphyrapicus varius",NA,"Yellow-bellied Sapsucker",NA,"birds","Sphyrapicus varius","Yellow-bellied Sapsucker","Sphyrapicus varius_Yellow-bellied Sapsucker"
"ABNKD02030","Caracara plancus","Caracara cheriway","Crested Caracara",NA,"birds","Caracara plancus","Crested Caracara","Caracara plancus_Crested Caracara"
"ABNKD06030","Falco columbarius",NA,"Merlin",NA,"birds","Falco columbarius","Merlin","Falco columbarius_Merlin"
"ABNKD06090","Falco mexicanus",NA,"Prairie Falcon",NA,"birds","Falco mexicanus","Prairie Falcon","Falco mexicanus_Prairie Falcon"
"ABNKD06070","Falco peregrinus",NA,"Peregrine Falcon",NA,"birds","Falco peregrinus","Peregrine Falcon","Falco peregrinus_Peregrine Falcon"
"ABNKD06080","Falco rusticolus",NA,"Gyrfalcon",NA,"birds","Falco rusticolus","Gyr Falcon","Falco rusticolus_Gyr Falcon"
"ABNKD06020","Falco sparverius",NA,"American Kestrel",NA,"birds","Falco sparverius","American Kestrel","Falco sparverius_American Kestrel"
"ABNKD06010","Falco tinnunculus",NA,"Eurasian Kestrel",NA,"birds","Falco tinnunculus","Common Kestrel","Falco tinnunculus_Common Kestrel"
"ABPAE32010","Contopus cooperi",NA,"Olive-sided Flycatcher",NA,"birds","Contopus cooperi","Olive-sided Flycatcher","Contopus cooperi_Olive-sided Flycatcher"
"ABPAE32050","Contopus sordidulus",NA,"Western Wood-Pewee",NA,"birds","Contopus sordidulus","Western Wood-Pewee","Contopus sordidulus_Western Wood-Pewee"
"ABPAE33030","Empidonax alnorum",NA,"Alder Flycatcher",NA,"birds","Empidonax alnorum","Alder Flycatcher","Empidonax alnorum_Alder Flycatcher"
"ABPAE33180","Empidonax difficilis",NA,"Western Flycatcher","Pacific-slope Flycatcher","birds","Empidonax difficilis","Western Flycatcher","Empidonax difficilis_Western Flycatcher"
"ABPAE33010","Empidonax flaviventris",NA,"Yellow-bellied Flycatcher",NA,"birds","Empidonax flaviventris","Yellow-bellied Flycatcher","Empidonax flaviventris_Yellow-bellied Flycatcher"
"ABPAE33080","Empidonax hammondii",NA,"Hammond's Flycatcher",NA,"birds","Empidonax hammondii","Hammond's Flycatcher","Empidonax hammondii_Hammond's Flycatcher"
"ABPAE33070","Empidonax minimus",NA,"Least Flycatcher",NA,"birds","Empidonax minimus","Least Flycatcher","Empidonax minimus_Least Flycatcher"
"ABPAE33090","Empidonax oberholseri",NA,"Dusky Flycatcher",NA,"birds","Empidonax oberholseri","Dusky Flycatcher","Empidonax oberholseri_Dusky Flycatcher"
"ABPAE33040","Empidonax traillii",NA,"Willow Flycatcher",NA,"birds","Empidonax traillii","Willow Flycatcher","Empidonax traillii_Willow Flycatcher"
"ABPAE33020","Empidonax virescens",NA,"Acadian Flycatcher",NA,"birds","Empidonax virescens","Acadian Flycatcher","Empidonax virescens_Acadian Flycatcher"
"ABPAE33100","Empidonax wrightii",NA,"Gray Flycatcher",NA,"birds","Empidonax wrightii","Grey Flycatcher","Empidonax wrightii_Grey Flycatcher"
"ABPAE43050","Myiarchus cinerascens",NA,"Ash-throated Flycatcher",NA,"birds","Myiarchus cinerascens","Ash-throated Flycatcher","Myiarchus cinerascens_Ash-throated Flycatcher"
"ABPAE43070","Myiarchus crinitus",NA,"Great Crested Flycatcher",NA,"birds","Myiarchus crinitus","Great Crested Flycatcher","Myiarchus crinitus_Great Crested Flycatcher"
"ABPAE36010","Pyrocephalus rubinus",NA,"Vermilion Flycatcher",NA,"birds","Pyrocephalus rubinus","Vermilion Flycatcher","Pyrocephalus rubinus_Vermilion Flycatcher"
"ABPAE35010","Sayornis nigricans",NA,"Black Phoebe",NA,"birds","Sayornis nigricans","Black Phoebe","Sayornis nigricans_Black Phoebe"
"ABPAE35020","Sayornis phoebe",NA,"Eastern Phoebe",NA,"birds","Sayornis phoebe","Eastern Phoebe","Sayornis phoebe_Eastern Phoebe"
"ABPAE35030","Sayornis saya",NA,"Say's Phoebe",NA,"birds","Sayornis saya","Say's Phoebe","Sayornis saya_Say's Phoebe"
"ABPAE52040","Tyrannus crassirostris",NA,"Thick-billed Kingbird",NA,"birds","Tyrannus crassirostris","Thick-billed Kingbird","Tyrannus crassirostris_Thick-billed Kingbird"
"ABPAE52070","Tyrannus dominicensis",NA,"Gray Kingbird",NA,"birds","Tyrannus dominicensis","Grey Kingbird","Tyrannus dominicensis_Grey Kingbird"
"ABPAE52100","Tyrannus forficatus",NA,"Scissor-tailed Flycatcher",NA,"birds","Tyrannus forficatus","Scissor-tailed Flycatcher","Tyrannus forficatus_Scissor-tailed Flycatcher"
"ABPAE52010","Tyrannus melancholicus",NA,"Tropical Kingbird",NA,"birds","Tyrannus melancholicus","Tropical Kingbird","Tyrannus melancholicus_Tropical Kingbird"
"ABPAE52060","Tyrannus tyrannus",NA,"Eastern Kingbird",NA,"birds","Tyrannus tyrannus","Eastern Kingbird","Tyrannus tyrannus_Eastern Kingbird"
"ABPAE52050","Tyrannus verticalis",NA,"Western Kingbird",NA,"birds","Tyrannus verticalis","Western Kingbird","Tyrannus verticalis_Western Kingbird"
"ABPBR01040","Lanius borealis","Lanius excubitor","Northern Shrike",NA,"birds","Lanius borealis","Northern Shrike","Lanius borealis_Northern Shrike"
"ABPBR01050","Lanius collurio",NA,"Red-backed Shrike",NA,"birds","Lanius collurio","Red-backed Shrike","Lanius collurio_Red-backed Shrike"
"ABPBR01010","Lanius cristatus",NA,"Brown Shrike",NA,"birds","Lanius cristatus","Brown Shrike","Lanius cristatus_Brown Shrike"
"ABPBR01030","Lanius ludovicianus",NA,"Loggerhead Shrike",NA,"birds","Lanius ludovicianus","Loggerhead Shrike","Lanius ludovicianus_Loggerhead Shrike"
"ABPBW01120","Vireo atricapilla",NA,"Black-capped Vireo",NA,"birds","Vireo atricapilla","Black-capped Vireo","Vireo atricapilla_Black-capped Vireo"
"ABPBW01110","Vireo bellii",NA,"Bell's Vireo",NA,"birds","Vireo bellii","Bell's Vireo","Vireo bellii_Bell's Vireo"
"ABPBW01290","Vireo cassinii",NA,"Cassin's Vireo",NA,"birds","Vireo cassinii","Cassin's Vireo","Vireo cassinii_Cassin's Vireo"
"ABPBW01270","Vireo flavoviridis",NA,"Yellow-green Vireo",NA,"birds","Vireo flavoviridis","Yellow-green Vireo","Vireo flavoviridis_Yellow-green Vireo"
"ABPBW01210","Vireo gilvus",NA,"Warbling Vireo",NA,"birds","Vireo gilvus","Warbling Vireo","Vireo gilvus_Warbling Vireo"
"ABPBW01020","Vireo griseus",NA,"White-eyed Vireo",NA,"birds","Vireo griseus","White-eyed Vireo","Vireo griseus_White-eyed Vireo"
"ABPBW01190","Vireo huttoni",NA,"Hutton's Vireo",NA,"birds","Vireo huttoni","Hutton's Vireo","Vireo huttoni_Hutton's Vireo"
"ABPBW01240","Vireo olivaceus",NA,"Red-eyed Vireo",NA,"birds","Vireo olivaceus","Red-eyed Vireo","Vireo olivaceus_Red-eyed Vireo"
"ABPBW01230","Vireo philadelphicus",NA,"Philadelphia Vireo",NA,"birds","Vireo philadelphicus","Philadelphia Vireo","Vireo philadelphicus_Philadelphia Vireo"
"ABPBW01160","Vireo solitarius",NA,"Blue-headed Vireo",NA,"birds","Vireo solitarius","Blue-headed Vireo","Vireo solitarius_Blue-headed Vireo"
"ABPAV06070","Aphelocoma californica",NA,"California Scrub-Jay","Western Scrub-Jay","birds","Aphelocoma californica","California Scrub-Jay","Aphelocoma californica_California Scrub-Jay"
"ABPAV10170","Corvus brachyrhynchos","Corvus caurinus","American Crow","Northwestern Crow","birds","Corvus brachyrhynchos","American Crow","Corvus brachyrhynchos_American Crow"
"ABPAV10110","Corvus corax",NA,"Common Raven",NA,"birds","Corvus corax","Common Raven","Corvus corax_Common Raven"
"ABPAV02020","Cyanocitta cristata",NA,"Blue Jay",NA,"birds","Cyanocitta cristata","Blue Jay","Cyanocitta cristata_Blue Jay"
"ABPAV02010","Cyanocitta stelleri",NA,"Steller's Jay",NA,"birds","Cyanocitta stelleri","Steller's Jay","Cyanocitta stelleri_Steller's Jay"
"ABPAV07010","Gymnorhinus cyanocephalus",NA,"Pinyon Jay",NA,"birds","Gymnorhinus cyanocephalus","Pinyon Jay","Gymnorhinus cyanocephalus_Pinyon Jay"
"ABPAV08010","Nucifraga columbiana",NA,"Clark's Nutcracker",NA,"birds","Nucifraga columbiana","Clark's Nutcracker","Nucifraga columbiana_Clark's Nutcracker"
"ABPAV01010","Perisoreus canadensis",NA,"Canada Jay","Gray Jay","birds","Perisoreus canadensis","Canada Jay","Perisoreus canadensis_Canada Jay"
"ABPAV09010","Pica hudsonia",NA,"Black-billed Magpie",NA,"birds","Pica hudsonia","Black-billed Magpie","Pica hudsonia_Black-billed Magpie"
"ABPBN01020","Bombycilla cedrorum",NA,"Cedar Waxwing",NA,"birds","Bombycilla cedrorum","Cedar Waxwing","Bombycilla cedrorum_Cedar Waxwing"
"ABPBN01010","Bombycilla garrulus",NA,"Bohemian Waxwing",NA,"birds","Bombycilla garrulus","Bohemian Waxwing","Bombycilla garrulus_Bohemian Waxwing"
"ABPAW01010","Poecile atricapillus","Poecile atricapilla","Black-capped Chickadee",NA,"birds","Poecile atricapillus","Black-capped Chickadee","Poecile atricapillus_Black-capped Chickadee"
"ABPAW01040","Poecile gambeli",NA,"Mountain Chickadee",NA,"birds","Poecile gambeli","Mountain Chickadee","Poecile gambeli_Mountain Chickadee"
"ABPAW01060","Poecile hudsonicus","Poecile hudsonica","Boreal Chickadee",NA,"birds","Poecile hudsonicus","Boreal Chickadee","Poecile hudsonicus_Boreal Chickadee"
"ABPAW01070","Poecile rufescens",NA,"Chestnut-backed Chickadee",NA,"birds","Poecile rufescens","Chestnut-backed Chickadee","Poecile rufescens_Chestnut-backed Chickadee"
"ABPAT01010","Alauda arvensis",NA,"Eurasian Skylark","Sky Lark","birds","Alauda arvensis","Eurasian Skylark","Alauda arvensis_Eurasian Skylark"
"ABPAT02010","Eremophila alpestris",NA,"Horned Lark",NA,"birds","Eremophila alpestris","Shore Lark","Eremophila alpestris_Shore Lark"
"ABPAU09030","Hirundo rustica",NA,"Barn Swallow",NA,"birds","Hirundo rustica","Barn Swallow","Hirundo rustica_Barn Swallow"
"ABPAU09020","Petrochelidon fulva",NA,"Cave Swallow",NA,"birds","Petrochelidon fulva","Cave Swallow","Petrochelidon fulva_Cave Swallow"
"ABPAU09010","Petrochelidon pyrrhonota",NA,"Cliff Swallow",NA,"birds","Petrochelidon pyrrhonota","Cliff Swallow","Petrochelidon pyrrhonota_Cliff Swallow"
"ABPAU01010","Progne subis",NA,"Purple Martin",NA,"birds","Progne subis","Purple Martin","Progne subis_Purple Martin"
"ABPAU08010","Riparia riparia",NA,"Bank Swallow",NA,"birds","Riparia riparia","Sand Martin","Riparia riparia_Sand Martin"
"ABPAU07010","Stelgidopteryx serripennis",NA,"Northern Rough-winged Swallow",NA,"birds","Stelgidopteryx serripennis","Northern Rough-winged Swallow","Stelgidopteryx serripennis_Northern Rough-winged Swallow"
"ABPAU03010","Tachycineta bicolor",NA,"Tree Swallow",NA,"birds","Tachycineta bicolor","Tree Swallow","Tachycineta bicolor_Tree Swallow"
"ABPAU03040","Tachycineta thalassina",NA,"Violet-green Swallow",NA,"birds","Tachycineta thalassina","Violet-green Swallow","Tachycineta thalassina_Violet-green Swallow"
"ABPAY01010","Psaltriparus minimus",NA,"Bushtit",NA,"birds","Psaltriparus minimus","Bushtit","Psaltriparus minimus_Bushtit"
"ABPBJ04040","Phylloscopus inornatus",NA,"Yellow-browed Warbler",NA,"birds","Phylloscopus inornatus","Yellow-browed Warbler","Phylloscopus inornatus_Yellow-browed Warbler"
"ABPBJ05020","Corthylio calendula","Regulus calendula","Ruby-crowned Kinglet",NA,"birds","Corthylio calendula","Ruby-crowned Kinglet","Corthylio calendula_Ruby-crowned Kinglet"
"ABPBJ05010","Regulus satrapa",NA,"Golden-crowned Kinglet",NA,"birds","Regulus satrapa","Golden-crowned Kinglet","Regulus satrapa_Golden-crowned Kinglet"
"ABPBG04010","Catherpes mexicanus",NA,"Canyon Wren",NA,"birds","Catherpes mexicanus","Canyon Wren","Catherpes mexicanus_Canyon Wren"
"ABPBG10020","Cistothorus palustris",NA,"Marsh Wren",NA,"birds","Cistothorus palustris","Marsh Wren","Cistothorus palustris_Marsh Wren"
"ABPBG10030","Cistothorus stellaris","Cistothorus platensis","Sedge Wren",NA,"birds","Cistothorus stellaris","Sedge Wren","Cistothorus stellaris_Sedge Wren"
"ABPBG03010","Salpinctes obsoletus",NA,"Rock Wren",NA,"birds","Salpinctes obsoletus","Rock Wren","Salpinctes obsoletus_Rock Wren"
"ABPAZ01010","Sitta canadensis",NA,"Red-breasted Nuthatch",NA,"birds","Sitta canadensis","Red-breasted Nuthatch","Sitta canadensis_Red-breasted Nuthatch"
"ABPAZ01020","Sitta carolinensis",NA,"White-breasted Nuthatch",NA,"birds","Sitta carolinensis","White-breasted Nuthatch","Sitta carolinensis_White-breasted Nuthatch"
"ABPAZ01030","Sitta pygmaea",NA,"Pygmy Nuthatch",NA,"birds","Sitta pygmaea","Pygmy Nuthatch","Sitta pygmaea_Pygmy Nuthatch"
"ABPBG07010","Thryomanes bewickii",NA,"Bewick's Wren",NA,"birds","Thryomanes bewickii","Bewick's Wren","Thryomanes bewickii_Bewick's Wren"
"ABPBG09010","Troglodytes aedon",NA,"House Wren",NA,"birds","Troglodytes aedon","House Wren","Troglodytes aedon_House Wren"
"ABPBG09100","Troglodytes hiemalis",NA,"Winter Wren",NA,"birds","Troglodytes hiemalis","Winter Wren","Troglodytes hiemalis_Winter Wren"
"ABPBG09090","Troglodytes pacificus","Troglodytes troglodytes","Pacific Wren",NA,"birds","Troglodytes pacificus","Pacific Wren","Troglodytes pacificus_Pacific Wren"
"ABPBJ08010","Polioptila caerulea",NA,"Blue-gray Gnatcatcher",NA,"birds","Polioptila caerulea","Blue-grey Gnatcatcher","Polioptila caerulea_Blue-grey Gnatcatcher"
"ABPBA01010","Certhia americana",NA,"Brown Creeper",NA,"birds","Certhia americana","Brown Creeper","Certhia americana_Brown Creeper"
"ABPBK01010","Dumetella carolinensis",NA,"Gray Catbird",NA,"birds","Dumetella carolinensis","Grey Catbird","Dumetella carolinensis_Grey Catbird"
"ABPBK03010","Mimus polyglottos",NA,"Northern Mockingbird",NA,"birds","Mimus polyglottos","Northern Mockingbird","Mimus polyglottos_Northern Mockingbird"
"ABPBK04010","Oreoscoptes montanus",NA,"Sage Thrasher",NA,"birds","Oreoscoptes montanus","Sage Thrasher","Oreoscoptes montanus_Sage Thrasher"
"ABPBK06070","Toxostoma curvirostre",NA,"Curve-billed Thrasher",NA,"birds","Toxostoma curvirostre","Curve-billed Thrasher","Toxostoma curvirostre_Curve-billed Thrasher"
"ABPBK06010","Toxostoma rufum",NA,"Brown Thrasher",NA,"birds","Toxostoma rufum","Brown Thrasher","Toxostoma rufum_Brown Thrasher"
"ABPBT01010","Sturnus vulgaris",NA,"European Starling",NA,"birds","Sturnus vulgaris","Common Starling","Sturnus vulgaris_Common Starling"
"ABPBJ18080","Catharus fuscescens",NA,"Veery",NA,"birds","Catharus fuscescens","Veery","Catharus fuscescens_Veery"
"ABPBJ18110","Catharus guttatus",NA,"Hermit Thrush",NA,"birds","Catharus guttatus","Hermit Thrush","Catharus guttatus_Hermit Thrush"
"ABPBJ18090","Catharus minimus",NA,"Gray-cheeked Thrush",NA,"birds","Catharus minimus","Grey-cheeked Thrush","Catharus minimus_Grey-cheeked Thrush"
"ABPBJ18100","Catharus ustulatus",NA,"Swainson's Thrush",NA,"birds","Catharus ustulatus","Swainson's Thrush","Catharus ustulatus_Swainson's Thrush"
"ABPBJ19010","Hylocichla mustelina",NA,"Wood Thrush",NA,"birds","Hylocichla mustelina","Wood Thrush","Hylocichla mustelina_Wood Thrush"
"ABPBJ22010","Ixoreus naevius",NA,"Varied Thrush",NA,"birds","Ixoreus naevius","Varied Thrush","Ixoreus naevius_Varied Thrush"
"ABPBJ29010","Monticola solitarius",NA,"Blue Rock-Thrush",NA,"birds","Monticola solitarius","Blue Rock Thrush","Monticola solitarius_Blue Rock Thrush"
"ABPBJ16010","Myadestes townsendi",NA,"Townsend's Solitaire",NA,"birds","Myadestes townsendi","Townsend's Solitaire","Myadestes townsendi_Townsend's Solitaire"
"ABPBJ15030","Sialia currucoides",NA,"Mountain Bluebird",NA,"birds","Sialia currucoides","Mountain Bluebird","Sialia currucoides_Mountain Bluebird"
"ABPBJ15020","Sialia mexicana",NA,"Western Bluebird",NA,"birds","Sialia mexicana","Western Bluebird","Sialia mexicana_Western Bluebird"
"ABPBJ15010","Sialia sialis",NA,"Eastern Bluebird",NA,"birds","Sialia sialis","Eastern Bluebird","Sialia sialis_Eastern Bluebird"
"ABPBJ20240","Turdus eunomus","Turdus naumanni","Dusky Thrush",NA,"birds","Turdus eunomus","Dusky Thrush","Turdus eunomus_Dusky Thrush"
"ABPBJ20050","Turdus iliacus",NA,"Redwing",NA,"birds","Turdus iliacus","Redwing","Turdus iliacus_Redwing"
"ABPBJ20170","Turdus migratorius",NA,"American Robin",NA,"birds","Turdus migratorius","American Robin","Turdus migratorius_American Robin"
"ABPBJ20040","Turdus pilaris",NA,"Fieldfare",NA,"birds","Turdus pilaris","Fieldfare","Turdus pilaris_Fieldfare"
"ABPBJ14010","Oenanthe oenanthe",NA,"Northern Wheatear",NA,"birds","Oenanthe oenanthe","Northern Wheatear","Oenanthe oenanthe_Northern Wheatear"
"ABPBJ27010","Tarsiger cyanurus",NA,"Red-flanked Bluetail",NA,"birds","Tarsiger cyanurus","Red-flanked Bluetail","Tarsiger cyanurus_Red-flanked Bluetail"
"ABPBH01010","Cinclus mexicanus",NA,"American Dipper",NA,"birds","Cinclus mexicanus","American Dipper","Cinclus mexicanus_American Dipper"
"ABPBZ01010","Passer domesticus",NA,"House Sparrow",NA,"birds","Passer domesticus","House Sparrow","Passer domesticus_House Sparrow"
"ABPBL01010","Prunella montanella",NA,"Siberian Accentor",NA,"birds","Prunella montanella","Siberian Accentor","Prunella montanella_Siberian Accentor"
"ABPBM02040","Anthus cervinus",NA,"Red-throated Pipit",NA,"birds","Anthus cervinus","Red-throated Pipit","Anthus cervinus_Red-throated Pipit"
"ABPBM02050","Anthus rubescens","Anthus spinoletta","American Pipit",NA,"birds","Anthus rubescens","Buff-bellied Pipit","Anthus rubescens_Buff-bellied Pipit"
"ABPBM02060","Anthus spragueii",NA,"Sprague's Pipit",NA,"birds","Anthus spragueii","Sprague's Pipit","Anthus spragueii_Sprague's Pipit"
"ABPBM01030","Motacilla alba","Motacilla lugens","White Wagtail","Black-backed Wagtail","birds","Motacilla alba","Pied Wagtail/White Wagtail","Motacilla alba_Pied Wagtail/White Wagtail"
"ABPBM01020","Motacilla cinerea",NA,"Gray Wagtail",NA,"birds","Motacilla cinerea","Grey Wagtail","Motacilla cinerea_Grey Wagtail"
"ABPBM01050","Motacilla citreola",NA,"Citrine Wagtail",NA,"birds","Motacilla citreola","Citrine Wagtail","Motacilla citreola_Citrine Wagtail"
"ABPBM01060","Motacilla tschutschensis","Motacilla flava","Eastern Yellow Wagtail",NA,"birds","Motacilla tschutschensis","Eastern Yellow Wagtail","Motacilla tschutschensis_Eastern Yellow Wagtail"
"ABPBY06010","Acanthis flammea","Carduelis flammea","Common Redpoll",NA,"birds","Acanthis flammea","Common Redpoll","Acanthis flammea_Common Redpoll"
"ABPBY06020","Acanthis hornemanni","Carduelis hornemanni","Hoary Redpoll",NA,"birds","Acanthis hornemanni","Arctic Redpoll","Acanthis hornemanni_Arctic Redpoll"
"ABPBY06130","Chloris sinica",NA,"Oriental Greenfinch",NA,"birds","Chloris sinica","Oriental Greenfinch","Chloris sinica_Oriental Greenfinch"
"ABPBY09020","Coccothraustes vespertinus",NA,"Evening Grosbeak",NA,"birds","Coccothraustes vespertinus","Evening Grosbeak","Coccothraustes vespertinus_Evening Grosbeak"
"ABPBY01020","Fringilla montifringilla",NA,"Brambling",NA,"birds","Fringilla montifringilla","Brambling","Fringilla montifringilla_Brambling"
"ABPBY04030","Haemorhous cassinii",NA,"Cassin's Finch",NA,"birds","Haemorhous cassinii","Cassin's Finch","Haemorhous cassinii_Cassin's Finch"
"ABPBY04040","Haemorhous mexicanus",NA,"House Finch",NA,"birds","Haemorhous mexicanus","House Finch","Haemorhous mexicanus_House Finch"
"ABPBY04020","Haemorhous purpureus",NA,"Purple Finch",NA,"birds","Haemorhous purpureus","Purple Finch","Haemorhous purpureus_Purple Finch"
"ABPBY02030","Leucosticte tephrocotis",NA,"Gray-crowned Rosy-Finch",NA,"birds","Leucosticte tephrocotis","Grey-crowned Rosy-Finch","Leucosticte tephrocotis_Grey-crowned Rosy-Finch"
"ABPBY05050","Loxia curvirostra",NA,"Red Crossbill",NA,"birds","Loxia curvirostra","Common Crossbill","Loxia curvirostra_Common Crossbill"
"ABPBY05020","Loxia leucoptera",NA,"White-winged Crossbill",NA,"birds","Loxia leucoptera","Two-barred Crossbill","Loxia leucoptera_Two-barred Crossbill"
"ABPBY03010","Pinicola enucleator",NA,"Pine Grosbeak",NA,"birds","Pinicola enucleator","Pine Grosbeak","Pinicola enucleator_Pine Grosbeak"
"ABPBY06030","Spinus pinus","Carduelis pinus","Pine Siskin",NA,"birds","Spinus pinus","Pine Siskin","Spinus pinus_Pine Siskin"
"ABPBY06090","Spinus psaltria","Carduelis psaltria","Lesser Goldfinch",NA,"birds","Spinus psaltria","Lesser Goldfinch","Spinus psaltria_Lesser Goldfinch"
"ABPBY06110","Spinus tristis","Carduelis tristis","American Goldfinch",NA,"birds","Spinus tristis","American Goldfinch","Spinus tristis_American Goldfinch"
"ABPBX16030","Cardellina canadensis","Wilsonia canadensis","Canada Warbler",NA,"birds","Cardellina canadensis","Canada Warbler","Cardellina canadensis_Canada Warbler"
"ABPBX16020","Cardellina pusilla","Wilsonia pusilla","Wilson's Warbler",NA,"birds","Cardellina pusilla","Wilson's Warbler","Cardellina pusilla_Wilson's Warbler"
"ABPBX11030","Geothlypis philadelphia","Oporornis philadelphia","Mourning Warbler",NA,"birds","Geothlypis philadelphia","Mourning Warbler","Geothlypis philadelphia_Mourning Warbler"
"ABPBX11040","Geothlypis tolmiei","Oporornis tolmiei","MacGillivray's Warbler",NA,"birds","Geothlypis tolmiei","MacGillivray's Warbler","Geothlypis tolmiei_MacGillivray's Warbler"
"ABPBX12010","Geothlypis trichas",NA,"Common Yellowthroat",NA,"birds","Geothlypis trichas","Common Yellowthroat","Geothlypis trichas_Common Yellowthroat"
"ABPBX01050","Leiothlypis celata","Oreothlypis celata; Vermivora celata","Orange-crowned Warbler",NA,"birds","Leiothlypis celata","Orange-crowned Warbler","Leiothlypis celata_Orange-crowned Warbler"
"ABPBX01090","Leiothlypis luciae","Oreothlypis luciae","Lucy's Warbler",NA,"birds","Leiothlypis luciae","Lucy's Warbler","Leiothlypis luciae_Lucy's Warbler"
"ABPBX01040","Leiothlypis peregrina","Oreothlypis peregrina; Vermivora peregrina","Tennessee Warbler",NA,"birds","Leiothlypis peregrina","Tennessee Warbler","Leiothlypis peregrina_Tennessee Warbler"
"ABPBX01060","Leiothlypis ruficapilla","Oreothlypis ruficapilla; Vermivora ruficapilla","Nashville Warbler",NA,"birds","Leiothlypis ruficapilla","Nashville Warbler","Leiothlypis ruficapilla_Nashville Warbler"
"ABPBX05010","Mniotilta varia",NA,"Black-and-white Warbler",NA,"birds","Mniotilta varia","Black-and-white Warbler","Mniotilta varia_Black-and-white Warbler"
"ABPBX19010","Myioborus pictus",NA,"Painted Redstart",NA,"birds","Myioborus pictus","Painted Redstart","Myioborus pictus_Painted Redstart"
"ABPBX11020","Oporornis agilis",NA,"Connecticut Warbler",NA,"birds","Oporornis agilis","Connecticut Warbler","Oporornis agilis_Connecticut Warbler"
"ABPBX10020","Parkesia noveboracensis","Seiurus noveboracensis","Northern Waterthrush",NA,"birds","Parkesia noveboracensis","Northern Waterthrush","Parkesia noveboracensis_Northern Waterthrush"
"ABPBX07010","Protonotaria citrea",NA,"Prothonotary Warbler",NA,"birds","Protonotaria citrea","Prothonotary Warbler","Protonotaria citrea_Prothonotary Warbler"
"ABPBX10010","Seiurus aurocapilla","Seiurus aurocapillus","Ovenbird",NA,"birds","Seiurus aurocapilla","Ovenbird","Seiurus aurocapilla_Ovenbird"
"ABPBX02010","Setophaga americana","Parula americana","Northern Parula",NA,"birds","Setophaga americana","Northern Parula","Setophaga americana_Northern Parula"
"ABPBX03050","Setophaga caerulescens","Dendroica caerulescens","Black-throated Blue Warbler",NA,"birds","Setophaga caerulescens","Black-throated Blue Warbler","Setophaga caerulescens_Black-throated Blue Warbler"
"ABPBX03220","Setophaga castanea","Dendroica castanea","Bay-breasted Warbler",NA,"birds","Setophaga castanea","Bay-breasted Warbler","Setophaga castanea_Bay-breasted Warbler"
"ABPBX16010","Setophaga citrina","Wilsonia citrina","Hooded Warbler",NA,"birds","Setophaga citrina","Hooded Warbler","Setophaga citrina_Hooded Warbler"
"ABPBX03060","Setophaga coronata","Dendroica coronata","Yellow-rumped Warbler",NA,"birds","Setophaga coronata","Yellow-rumped Warbler","Setophaga coronata_Yellow-rumped Warbler"
"ABPBX03190","Setophaga discolor","Dendroica discolor","Prairie Warbler",NA,"birds","Setophaga discolor","Prairie Warbler","Setophaga discolor_Prairie Warbler"
"ABPBX03130","Setophaga dominica","Dendroica dominica","Yellow-throated Warbler",NA,"birds","Setophaga dominica","Yellow-throated Warbler","Setophaga dominica_Yellow-throated Warbler"
"ABPBX03120","Setophaga fusca","Dendroica fusca","Blackburnian Warbler",NA,"birds","Setophaga fusca","Blackburnian Warbler","Setophaga fusca_Blackburnian Warbler"
"ABPBX03030","Setophaga magnolia","Dendroica magnolia","Magnolia Warbler",NA,"birds","Setophaga magnolia","Magnolia Warbler","Setophaga magnolia_Magnolia Warbler"
"ABPBX03070","Setophaga nigrescens","Dendroica nigrescens","Black-throated Gray Warbler",NA,"birds","Setophaga nigrescens","Black-throated Grey Warbler","Setophaga nigrescens_Black-throated Grey Warbler"
"ABPBX03090","Setophaga occidentalis","Dendroica occidentalis","Hermit Warbler",NA,"birds","Setophaga occidentalis","Hermit Warbler","Setophaga occidentalis_Hermit Warbler"
"ABPBX03210","Setophaga palmarum","Dendroica palmarum","Palm Warbler",NA,"birds","Setophaga palmarum","Palm Warbler","Setophaga palmarum_Palm Warbler"
"ABPBX03020","Setophaga pensylvanica","Dendroica pensylvanica","Chestnut-sided Warbler",NA,"birds","Setophaga pensylvanica","Chestnut-sided Warbler","Setophaga pensylvanica_Chestnut-sided Warbler"
"ABPBX03010","Setophaga petechia","Dendroica petechia","Yellow Warbler",NA,"birds","Setophaga petechia","Yellow Warbler","Setophaga petechia_Yellow Warbler"
"ABPBX03170","Setophaga pinus","Dendroica pinus","Pine Warbler",NA,"birds","Setophaga pinus","Pine Warbler","Setophaga pinus_Pine Warbler"
"ABPBX06010","Setophaga ruticilla",NA,"American Redstart",NA,"birds","Setophaga ruticilla","American Redstart","Setophaga ruticilla_American Redstart"
"ABPBX03230","Setophaga striata","Dendroica striata","Blackpoll Warbler",NA,"birds","Setophaga striata","Blackpoll Warbler","Setophaga striata_Blackpoll Warbler"
"ABPBX03040","Setophaga tigrina","Dendroica tigrina","Cape May Warbler",NA,"birds","Setophaga tigrina","Cape May Warbler","Setophaga tigrina_Cape May Warbler"
"ABPBX03080","Setophaga townsendi","Dendroica townsendi","Townsend's Warbler",NA,"birds","Setophaga townsendi","Townsend's Warbler","Setophaga townsendi_Townsend's Warbler"
"ABPBX03100","Setophaga virens","Dendroica virens","Black-throated Green Warbler",NA,"birds","Setophaga virens","Black-throated Green Warbler","Setophaga virens_Black-throated Green Warbler"
"ABPBX01030","Vermivora chrysoptera",NA,"Golden-winged Warbler",NA,"birds","Vermivora chrysoptera","Golden-winged Warbler","Vermivora chrysoptera_Golden-winged Warbler"
"ABPBXB0010","Agelaius phoeniceus",NA,"Red-winged Blackbird",NA,"birds","Agelaius phoeniceus","Red-winged Blackbird","Agelaius phoeniceus_Red-winged Blackbird"
"ABPBXA9010","Dolichonyx oryzivorus",NA,"Bobolink",NA,"birds","Dolichonyx oryzivorus","Bobolink","Dolichonyx oryzivorus_Bobolink"
"ABPBXB5010","Euphagus carolinus",NA,"Rusty Blackbird",NA,"birds","Euphagus carolinus","Rusty Blackbird","Euphagus carolinus_Rusty Blackbird"
"ABPBXB5020","Euphagus cyanocephalus",NA,"Brewer's Blackbird",NA,"birds","Euphagus cyanocephalus","Brewer's Blackbird","Euphagus cyanocephalus_Brewer's Blackbird"
"ABPBXB9220","Icterus bullockii",NA,"Bullock's Oriole",NA,"birds","Icterus bullockii","Bullock's Oriole","Icterus bullockii_Bullock's Oriole"
"ABPBXB9080","Icterus cucullatus",NA,"Hooded Oriole",NA,"birds","Icterus cucullatus","Hooded Oriole","Icterus cucullatus_Hooded Oriole"
"ABPBXB9190","Icterus galbula",NA,"Baltimore Oriole",NA,"birds","Icterus galbula","Baltimore Oriole","Icterus galbula_Baltimore Oriole"
"ABPBXB9070","Icterus spurius",NA,"Orchard Oriole",NA,"birds","Icterus spurius","Orchard Oriole","Icterus spurius_Orchard Oriole"
"ABPBXB7030","Molothrus ater",NA,"Brown-headed Cowbird",NA,"birds","Molothrus ater","Brown-headed Cowbird","Molothrus ater_Brown-headed Cowbird"
"ABPBXB6050","Quiscalus mexicanus",NA,"Great-tailed Grackle",NA,"birds","Quiscalus mexicanus","Great-tailed Grackle","Quiscalus mexicanus_Great-tailed Grackle"
"ABPBXB6070","Quiscalus quiscula",NA,"Common Grackle",NA,"birds","Quiscalus quiscula","Common Grackle","Quiscalus quiscula_Common Grackle"
"ABPBXB2030","Sturnella neglecta",NA,"Western Meadowlark",NA,"birds","Sturnella neglecta","Western Meadowlark","Sturnella neglecta_Western Meadowlark"
"ABPBXB3010","Xanthocephalus xanthocephalus",NA,"Yellow-headed Blackbird",NA,"birds","Xanthocephalus xanthocephalus","Yellow-headed Blackbird","Xanthocephalus xanthocephalus_Yellow-headed Blackbird"
"ABPBX24010","Icteria virens",NA,"Yellow-breasted Chat",NA,"birds","Icteria virens","Yellow-breasted Chat","Icteria virens_Yellow-breasted Chat"
"ABPBXA0020","Ammodramus savannarum",NA,"Grasshopper Sparrow",NA,"birds","Ammodramus savannarum","Grasshopper Sparrow","Ammodramus savannarum_Grasshopper Sparrow"
"ABPBXA0040","Ammospiza leconteii","Ammodramus leconteii","LeConte's Sparrow",NA,"birds","Ammospiza leconteii","LeConte's Sparrow","Ammospiza leconteii_LeConte's Sparrow"
"ABPBXA0070","Ammospiza nelsoni","Ammodramus nelsoni","Nelson's Sparrow",NA,"birds","Ammospiza nelsoni","Nelson's Sparrow","Ammospiza nelsoni_Nelson's Sparrow"
"ABPBX97010","Amphispiza bilineata",NA,"Black-throated Sparrow",NA,"birds","Amphispiza bilineata","Black-throated Sparrow","Amphispiza bilineata_Black-throated Sparrow"
"ABPBX97040","Artemisiospiza nevadensis","Amphispiza belli","Sagebrush Sparrow","Sage Sparrow","birds","Artemisiospiza nevadensis","Sagebrush Sparrow","Artemisiospiza nevadensis_Sagebrush Sparrow"
"ABPBX98010","Calamospiza melanocorys",NA,"Lark Bunting",NA,"birds","Calamospiza melanocorys","Lark Bunting","Calamospiza melanocorys_Lark Bunting"
"ABPBXA0010","Centronyx bairdii","Ammodramus bairdii","Baird's Sparrow",NA,"birds","Centronyx bairdii","Baird's Sparrow","Centronyx bairdii_Baird's Sparrow"
"ABPBX96010","Chondestes grammacus",NA,"Lark Sparrow",NA,"birds","Chondestes grammacus","Lark Sparrow","Chondestes grammacus_Lark Sparrow"
"ABPBXA7020","Emberiza rustica",NA,"Rustic Bunting",NA,"birds","Emberiza rustica","Rustic Bunting","Emberiza rustica_Rustic Bunting"
"ABPBXA5020","Junco hyemalis",NA,"Dark-eyed Junco",NA,"birds","Junco hyemalis","Dark-eyed Junco","Junco hyemalis_Dark-eyed Junco"
"ABPBXA3030","Melospiza georgiana",NA,"Swamp Sparrow",NA,"birds","Melospiza georgiana","Swamp Sparrow","Melospiza georgiana_Swamp Sparrow"
"ABPBXA3020","Melospiza lincolnii",NA,"Lincoln's Sparrow",NA,"birds","Melospiza lincolnii","Lincoln's Sparrow","Melospiza lincolnii_Lincoln's Sparrow"
"ABPBXA3010","Melospiza melodia",NA,"Song Sparrow",NA,"birds","Melospiza melodia","Song Sparrow","Melospiza melodia_Song Sparrow"
"ABPBX99010","Passerculus sandwichensis",NA,"Savannah Sparrow",NA,"birds","Passerculus sandwichensis","Savannah Sparrow","Passerculus sandwichensis_Savannah Sparrow"
"ABPBXA2010","Passerella iliaca",NA,"Fox Sparrow",NA,"birds","Passerella iliaca","Fox Sparrow","Passerella iliaca_Fox Sparrow"
"ABPBX74010","Pipilo chlorurus",NA,"Green-tailed Towhee",NA,"birds","Pipilo chlorurus","Green-tailed Towhee","Pipilo chlorurus_Green-tailed Towhee"
"ABPBX74080","Pipilo maculatus",NA,"Spotted Towhee",NA,"birds","Pipilo maculatus","Spotted Towhee","Pipilo maculatus_Spotted Towhee"
"ABPBX95010","Pooecetes gramineus",NA,"Vesper Sparrow",NA,"birds","Pooecetes gramineus","Vesper Sparrow","Pooecetes gramineus_Vesper Sparrow"
"ABPBX94040","Spizella breweri",NA,"Brewer's Sparrow",NA,"birds","Spizella breweri","Brewer's Sparrow","Spizella breweri_Brewer's Sparrow"
"ABPBX94030","Spizella pallida",NA,"Clay-colored Sparrow",NA,"birds","Spizella pallida","Clay-coloured Sparrow","Spizella pallida_Clay-coloured Sparrow"
"ABPBX94020","Spizella passerina",NA,"Chipping Sparrow",NA,"birds","Spizella passerina","Chipping Sparrow","Spizella passerina_Chipping Sparrow"
"ABPBX94050","Spizella pusilla",NA,"Field Sparrow",NA,"birds","Spizella pusilla","Field Sparrow","Spizella pusilla_Field Sparrow"
"ABPBX94010","Spizelloides arborea","Spizella arborea","American Tree Sparrow",NA,"birds","Spizelloides arborea","American Tree Sparrow","Spizelloides arborea_American Tree Sparrow"
"ABPBXA4020","Zonotrichia albicollis",NA,"White-throated Sparrow",NA,"birds","Zonotrichia albicollis","White-throated Sparrow","Zonotrichia albicollis_White-throated Sparrow"
"ABPBXA4030","Zonotrichia atricapilla",NA,"Golden-crowned Sparrow",NA,"birds","Zonotrichia atricapilla","Golden-crowned Sparrow","Zonotrichia atricapilla_Golden-crowned Sparrow"
"ABPBXA4040","Zonotrichia leucophrys",NA,"White-crowned Sparrow",NA,"birds","Zonotrichia leucophrys","White-crowned Sparrow","Zonotrichia leucophrys_White-crowned Sparrow"
"ABPBXA4050","Zonotrichia querula",NA,"Harris's Sparrow",NA,"birds","Zonotrichia querula","Harris's Sparrow","Zonotrichia querula_Harris's Sparrow"
"ABPBXA6020","Calcarius lapponicus",NA,"Lapland Longspur",NA,"birds","Calcarius lapponicus","Lapland Bunting","Calcarius lapponicus_Lapland Bunting"
"ABPBXA6040","Calcarius ornatus",NA,"Chestnut-collared Longspur",NA,"birds","Calcarius ornatus","Chestnut-collared Longspur","Calcarius ornatus_Chestnut-collared Longspur"
"ABPBXA6030","Calcarius pictus",NA,"Smith's Longspur",NA,"birds","Calcarius pictus","Smith's Longspur","Calcarius pictus_Smith's Longspur"
"ABPBXA8020","Plectrophenax hyperboreus",NA,"Mckay's Bunting",NA,"birds","Plectrophenax hyperboreus","McKay's Bunting","Plectrophenax hyperboreus_McKay's Bunting"
"ABPBXA8010","Plectrophenax nivalis",NA,"Snow Bunting",NA,"birds","Plectrophenax nivalis","Snow Bunting","Plectrophenax nivalis_Snow Bunting"
"ABPBXA6010","Rhynchophanes mccownii","Calcarius mccownii","Thick-billed Longspur","McCown's Longspur","birds","Rhynchophanes mccownii","Thick-billed Longspur","Rhynchophanes mccownii_Thick-billed Longspur"
"ABPBX60010","Cardinalis cardinalis",NA,"Northern Cardinal",NA,"birds","Cardinalis cardinalis","Northern Cardinal","Cardinalis cardinalis_Northern Cardinal"
"ABPBX64020","Passerina amoena",NA,"Lazuli Bunting",NA,"birds","Passerina amoena","Lazuli Bunting","Passerina amoena_Lazuli Bunting"
"ABPBX64010","Passerina caerulea",NA,"Blue Grosbeak",NA,"birds","Passerina caerulea","Blue Grosbeak","Passerina caerulea_Blue Grosbeak"
"ABPBX64060","Passerina ciris",NA,"Painted Bunting",NA,"birds","Passerina ciris","Painted Bunting","Passerina ciris_Painted Bunting"
"ABPBX64030","Passerina cyanea",NA,"Indigo Bunting",NA,"birds","Passerina cyanea","Indigo Bunting","Passerina cyanea_Indigo Bunting"
"ABPBX61030","Pheucticus ludovicianus",NA,"Rose-breasted Grosbeak",NA,"birds","Pheucticus ludovicianus","Rose-breasted Grosbeak","Pheucticus ludovicianus_Rose-breasted Grosbeak"
"ABPBX61040","Pheucticus melanocephalus",NA,"Black-headed Grosbeak",NA,"birds","Pheucticus melanocephalus","Black-headed Grosbeak","Pheucticus melanocephalus_Black-headed Grosbeak"
"ABPBX45050","Piranga ludoviciana",NA,"Western Tanager",NA,"birds","Piranga ludoviciana","Western Tanager","Piranga ludoviciana_Western Tanager"
"ABPBX45040","Piranga olivacea",NA,"Scarlet Tanager",NA,"birds","Piranga olivacea","Scarlet Tanager","Piranga olivacea_Scarlet Tanager"
"ABPBX45030","Piranga rubra",NA,"Summer Tanager",NA,"birds","Piranga rubra","Summer Tanager","Piranga rubra_Summer Tanager"
"ABPBX65010","Spiza americana",NA,"Dickcissel",NA,"birds","Spiza americana","Dickcissel","Spiza americana_Dickcissel"
"AMAFB07010","Sciurus carolinensis",NA,"Eastern Grey Squirrel",NA,"mammals","Sciurus carolinensis","Eastern Gray Squirrel","Sciurus carolinensis_Eastern Gray Squirrel"
"AMAFB08040","Tamiasciurus hudsonicus",NA,"Red Squirrel",NA,"mammals","Tamiasciurus hudsonicus","Red Squirrel","Tamiasciurus hudsonicus_Red Squirrel"
"AMAJA01010","Canis latrans",NA,"Coyote",NA,"mammals","Canis latrans","Coyote","Canis latrans_Coyote"
"AMAJA01030","Canis lupus",NA,"Grey Wolf",NA,"mammals","Canis lupus","Gray Wolf","Canis lupus_Gray Wolf"
"AMALC02020","Odocoileus virginianus",NA,"White-tailed Deer",NA,"mammals","Odocoileus virginianus","White-tailed Deer","Odocoileus virginianus_White-tailed Deer"
"ABNNF12010","Calidris pygmea","Eurynorhynchus pygmeus","Spoon-billed Sandpiper","Spoonbill Sandpiper","birds","Calidris pygmaea","Spoon-billed Sandpiper","Calidris pygmaea_Spoon-billed Sandpiper"
"ABNKA01010","Coragyps atratus",NA,"Black Vulture",NA,"birds","Aegypius monachus","Black Vulture","Aegypius monachus_Black Vulture"
"AAABC05100","Pseudacris regilla",NA,"Pacific Treefrog","Pacific Chorus Frog","amphibians","Hyliola regilla","Pacific Chorus Frog","Hyliola regilla_Pacific Chorus Frog"
"ABNME13030","Gallinula galeata","Gallinula chloropus","Common Gallinule","Common Moorhen","birds","Gallinula chloropus","Common Moorhen","Gallinula chloropus_Common Moorhen"
